"MIME Type","File Extension(s)"
"application/1d-interleaved-parityfec",""
"application/3gpdash-qoe-report+xml",".qoe"
"application/3gpp-ims+xml",""
"application/a2l",".a2l"
"application/activemessage",""
"application/activity+json",".activity.json"
"application/alto-costmap+json",".costmap.json"
"application/alto-costmapfilter+json",""
"application/alto-directory+json",""
"application/alto-endpointcost+json",""
"application/alto-endpointcostparams+json",""
"application/alto-endpointprop+json",""
"application/alto-endpointpropparams+json",""
"application/alto-error+json",""
"application/alto-networkmap+json",".networkmap.json"
"application/alto-networkmapfilter+json",""
"application/alto-updatestreamcontrol+json",""
"application/alto-updatestreamparams+json",""
"application/AML",".aml"
"application/andrew-inset",".ez"
"application/applefile",""
"application/applixware",".aw"
"application/at+jwt",""
"application/atf",".atf"
"application/ATF",".atfx"
"application/atom+xml",".atom"
"application/atomcat+xml",".atomcat"
"application/atomdeleted+xml",""
"application/atomicmail",""
"application/atomsvc+xml",".atomsvc"
"application/atsc-dwd+xml",".dwd"
"application/atsc-held+xml",".held"
"application/atsc-rdt+json",""
"application/atsc-rsat+xml",".rsat"
"application/atxml",".atxml"
"application/auth-policy+xml",""
"application/bacnet-xdd+zip",".xdd.zip"
"application/batch-smtp",""
"application/beep+xml",""
"application/calendar+json",".calendar.json"
"application/calendar+xml",".xcs"
"application/call-completion",""
"application/cals-1840",""
"application/captive+json",""
"application/cbor",".cbor"
"application/cbor-seq",".cborseq"
"application/cccex",""
"application/ccmp+xml",""
"application/ccxml+xml",".ccxml"
"application/cdfx+xml",".cdfx"
"application/cdmi-capability",""
"application/cdmi-container",""
"application/cdmi-domain",""
"application/cdmi-object",""
"application/cdmi-queue",""
"application/cdni",""
"application/cea",""
"application/cea-2018+xml",""
"application/cellml+xml",".cellml"
"application/cfw",""
"application/city+json",".city.json"
"application/clr",""
"application/clue+xml",""
"application/clue_info+xml",""
"application/cms",".cms,.p7m"
"application/cnrp+xml",""
"application/coap-group+json",""
"application/coap-payload",""
"application/commonground",""
"application/conference-info+xml",""
"application/cose",".cose"
"application/cose-key",".cosekey"
"application/cose-key-set",".cosekeyset"
"application/cpl+xml",".cpl"
"application/csrattrs",".csrattrs"
"application/csta+xml",""
"application/cstadata+xml",""
"application/csvm+json",".csvm.json"
"application/cu-seeme",".cu"
"application/cwt",".cwt"
"application/cybercash",""
"application/dart",""
"application/dash+xml",".mpd"
"application/dashdelta",""
"application/davmount+xml",".davmount"
"application/dca-rft",""
"application/dcd",""
"application/dec-dx",""
"application/dialog-info+xml",""
"application/dicom",".dcm"
"application/dicom+json",".dicom.json"
"application/dicom+xml",".dicom.xml"
"application/dii",""
"application/dit",""
"application/dns",""
"application/dns+json",".dns.json"
"application/dns-message",".dnsmsg"
"application/docbook+xml",".dbk"
"application/dskpp+xml",""
"application/dssc+der",".dssc"
"application/dssc+xml",".xdssc"
"application/dvcs",""
"application/ecmascript",".js,.es"
"application/edi-consent",""
"application/edi-x12",""
"application/edifact",""
"application/efi",""
"application/elm+json",".elm.json"
"application/elm+xml",".elm.xml"
"application/emergencycalldata.cap+xml",".cap"
"application/emergencycalldata.comment+xml",""
"application/emergencycalldata.control+xml",""
"application/emergencycalldata.deviceinfo+xml",""
"application/emergencycalldata.ecall.msd",".msd"
"application/emergencycalldata.providerinfo+xml",""
"application/emergencycalldata.serviceinfo+xml",""
"application/emergencycalldata.subscriberinfo+xml",""
"application/emergencycalldata.veds+xml",""
"application/emma+xml",".emma"
"application/emotionml+xml",".emotionml"
"application/encaprtp",""
"application/epp+xml",""
"application/epub+zip",".epub"
"application/eshop",""
"application/exi",".exi"
"application/expect-ct-report+json",""
"application/express",".exp"
"application/fastinfoset",".finf"
"application/fastsoap",""
"application/fdt+xml",".fdt"
"application/fhir+json",".fhir.json"
"application/fhir+xml",".fhir.xml"
"application/fido.trusted-apps+json",""
"application/fits",".fits"
"application/font-sfnt",""
"application/font-tdpfr",".pfr"
"application/font-woff",".woff"
"application/framework-attributes+xml",""
"application/geo+json",".geojson"
"application/geo+json-seq",".geojsons"
"application/geopackage+sqlite3",".gpkg"
"application/geoxacml+xml",""
"application/gltf-buffer",".glb"
"application/gml+xml",".gml,.gml3"
"application/gpx+xml",".gpx"
"application/gxf",".gxf"
"application/gzip",".gz"
"application/h224",""
"application/held+xml",""
"application/hjson",".hjson"
"application/http",""
"application/hyperstudio",".stk"
"application/ibe-key-request+xml",""
"application/ibe-pkg-reply+xml",""
"application/ibe-pp-data",""
"application/iges",".igs,.iges"
"application/im-iscomposing+xml",""
"application/index",""
"application/index.cmd",""
" application/index.obj",""
"application/index.response",""
"application/index.vnd",""
"application/inkml+xml",".ink,.inkml"
"application/iotp",""
"application/ipfix",".ipfix"
"application/ipp",""
"application/isup",""
"application/its+xml",".its"
"application/java-archive",".jar"
"application/java-serialized-object",".ser"
"application/java-vm",".class"
"application/javascript",".js"
"application/jf2feed+json",".jf2.json"
"application/jose",".jose"
"application/jose+json",""
"application/jrd+json",".jrd.json"
"application/jscalendar+json",".jscalendar.json"
"application/json",".json"
"application/json-patch+json",".json-patch"
"application/json-seq",".json-seq"
"application/jwk+json",".jwk.json"
"application/jwk-set+json",".jwk-set.json"
"application/jwt",".jwt"
"application/kpml-request+xml",""
"application/kpml-response+xml",""
"application/ld+json",".jsonld"
"application/lgr+xml",".lgr"
"application/link-format",".linkformat"
"application/load-control+xml",""
"application/lost+xml",".lostxml"
"application/lostsync+xml",".lostsync"
"application/lpf+zip",".lpf"
"application/LXF",".lxf"
"application/mac-binhex40",".hqx"
"application/macwriteii",".mw"
"application/mads+xml",".mads"
"application/manifest+json",".webmanifest"
"application/marc",".mrc"
"application/marcxml+xml",".mrcx"
"application/mathematica",".nb,.nbp,.ma"
"application/mathml+xml",".mathml,.mml"
"application/mathml-content+xml",""
"application/mathml-presentation+xml",""
"application/mbms-associated-procedure-description+xml",""
"application/mbms-deregister+xml",""
"application/mbms-envelope+xml",""
"application/mbms-msk+xml",""
"application/mbms-msk-response+xml",""
"application/mbms-protection-description+xml",""
"application/mbms-reception-report+xml",""
"application/mbms-register+xml",""
"application/mbms-register-response+xml",""
"application/mbms-schedule+xml",""
"application/mbms-user-service-description+xml",""
"application/mbox",".mbox"
"application/media-policy-dataset+xml",""
"application/media_control+xml",""
"application/mediaservercontrol+xml",".mscml"
"application/merge-patch+json",".merge-patch"
"application/metalink+xml",".metalink"
"application/metalink4+xml",".meta4"
"application/mets+xml",".mets"
"application/MF4",".mf4"
"application/mikey",""
"application/mipc",""
"application/missing-blocks+cbor-seq",""
"application/mmt-aei+xml",".maei"
"application/mmt-usd+xml",".musd"
"application/mods+xml",".mods"
"application/moss-keys",""
"application/moss-signature",""
"application/mosskey-data",""
")application/mosskey-request",""
"application/mp21",".mp21,.m21"
"application/mp4",".mp4,.m4v,.m4a,.f4v,.f4a"
"application/mpeg4-generic",""
"application/mpeg4-iod",""
"application/mpeg4-iod-xmt",""
"application/mrb-consumer+xml",""
"application/mrb-publish+xml",""
"application/msc-ivr+xml",""
"application/msc-mixer+xml",""
"application/msword",".doc,.dot"
"application/mud+json",".mud.json"
"application/multipart-core",""
"application/mxf",".mxf"
"application/n-quads",".nq"
"application/n-triples",".nt"
"application/nasdata",""
"application/news-checkgroups",""
"application/news-groupinfo",""
"application/news-transmission",""
"application/nlsml+xml",".nlsml"
"application/node",""
"application/nss",""
"application/oauth-authz-req+jwt",""
"application/ocsp-request",".ocsp.req"
"application/ocsp-response",".ocsp.resp"
"application/octet-stream",".bin,.dms,.lrf,.mar,.so,.dist,.distz,.pkg,.bpk,.dump,.elc,.deploy"
"application/oda",".oda"
"application/odm+xml",".odm"
"application/odx",".odx"
"application/oebps-package+xml",".opf"
"application/ogg",".ogx"
"application/opc-nodeset+xml",""
"application/oscore",""
"application/oxps",".oxps"
"application/p21",".p21,.p21txt"
"application/p2p-overlay+xml",".relo"
"application/parityfec",""
"application/passport",""
"application/patch-ops-error+xml",".xer"
"application/pdf",".pdf"
"application/pdx",".pdx"
"application/pem-certificate-chain",".pem"
"application/pgp-encrypted",".pgp"
"application/pgp-keys",".asc,.pub,.gpg"
"application/pgp-signature",".asc,.sig"
"application/pidf+xml",""
"application/pidf-diff+xml",""
"application/pkcs10",".p10"
"application/pkcs12",".p12,.pfx"
"application/pkcs7-mime",".p7m,.p7c"
"application/pkcs7-signature",".p7s"
"application/pkcs8",".p8"
"application/pkcs8-encrypted",""
"application/pkix-attr-cert",".ac,.acp"
"application/pkix-cert",".cer,.crt,.der"
"application/pkix-crl",".crl"
"application/pkix-pkipath",".pkipath"
"application/pkixcmp",".pki"
"application/pls+xml",".pls"
"application/poc-settings+xml",""
"application/postscript",".ps,.eps,.ai"
"application/ppsp-tracker+json",""
"application/problem+json",".problem.json"
"application/problem+xml",".problem.xml"
"application/provenance+xml",".provx"
"application/prs.alvestrand.titrax-sheet",""
"application/prs.cww",".cww"
"application/prs.cyn",".cyn"
"application/prs.hpub+zip",".hpub"
"application/prs.nprend",""
"application/prs.plucker",".pdb"
"application/prs.rdf-xml-crypt",""
"application/prs.xsf+xml",""
"application/pskc+xml",".pskc.xml"
"application/qsig",""
"application/raml+yaml",".raml"
"application/raptorfec",""
"application/rdap+json",".rdap.json"
"application/reginfo+xml",".rif"
"application/relax-ng-compact-syntax",".rnc"
"application/remote-printing",""
"application/reputon+json",".reputon.json"
"application/resource-lists+xml",".rl"
"application/resource-lists-diff+xml",".rld"
"application/rfc+xml",".rfc.xml"
"application/riscos",""
"application/rlmi+xml",""
"application/rls-services+xml",".rs"
"application/route-apd+xml",".rapd"
"application/route-s-tsid+xml",".rsts"
"application/route-usd+xml",".rusd"
"application/rpki-ghostbusters",".gbr"
"application/rpki-manifest",".mft"
"application/rpki-publication",""
"application/rpki-roa",".roa"
"application/rpki-updown",""
"application/rsd+xml",".rsd"
"application/rss+xml",".rss"
"application/rtf",".rtf"
"application/rtploopback",""
"application/rtx",""
"application/samlassertion+xml",""
"application/samlmetadata+xml",""
"application/sarif+json",".sarif"
"application/sbe",""
"application/sbml+xml",".sbml"
"application/scaip+xml",""
"application/scim+json",".scim.json"
"application/scvp-cv-request",".scq"
"application/scvp-cv-response",".scs"
"application/scvp-vp-request",".spq"
"application/scvp-vp-response",".spp"
"application/sdp",".sdp"
"application/secevent+jwt",""
"application/senml+cbor",".senml.cbor"
"application/senml+json",".senml.json"
"application/senml+xml",".senml.xml"
"application/senml-exi",""
"application/sensml+cbor",".sensml.cbor"
"application/sensml+json",".sensml.json"
"application/sensml+xml",".sensml.xml"
"application/sensml-exi",""
"application/sep+xml",""
"application/sep-exi",""
"application/session-info",""
"application/set-payment",""
"application/set-payment-initiation",".setpay"
"application/set-registration",""
"application/set-registration-initiation",".setreg"
"application/sgml",".sgml,.sgm"
"application/sgml-open-catalog",""
"application/shf+xml",".shf"
"application/sieve",".siv,.sieve"
"application/simple-filter+xml",""
"application/simple-message-summary",""
"application/simplesymbolcontainer",""
"application/sipc",""
"application/slate",""
"application/smil",".smi,.smil"
"application/smil+xml",".smi,.smil"
"application/smpte336m",""
"application/soap+fastinfoset",""
"application/soap+xml",""
"application/sparql-query",".rq"
"application/sparql-results+xml",".srx"
"application/spirits-event+xml",""
"application/sql",".sql"
"application/srgs",".gram"
"application/srgs+xml",".grxml"
"application/sru+xml",".sru"
"application/ssdl+xml",".ssdl"
"application/ssml+xml",".ssml"
"application/stix+json",".stix.json"
"application/swid+xml",".swid.xml"
"application/tamp-apex-update",""
"application/tamp-apex-update-confirm",""
"application/tamp-community-update",""
"application/tamp-community-update-confirm",""
"application/tamp-error",""
"application/tamp-sequence-adjust",""
"application/tamp-sequence-adjust-confirm",""
"application/tamp-status-query",""
"application/tamp-status-response",""
"application/tamp-update",""
"application/tamp-update-confirm",""
"application/tar",".tar"
"application/taxii+json",".taxii.json"
"application/td+json",".td.json"
"application/tei+xml",".tei,.teicorpus"
"application/thraud+xml",".tfi"
"application/timestamp-query",".tsq"
"application/timestamp-reply",".tsr"
"application/tlsrpt+gzip",""
"application/tlsrpt+json",".tlsrpt.json"
"application/tnauthlist",""
"application/token-introspection+jwt",""
"application/toml",".toml"
"application/trickle-ice-sdpfrag",""
"application/trig",".trig"
"application/ttml+xml",".ttml"
"application/tve-trigger",""
"application/tzif",".tzif"
"application/tzif-leap",".tzif.leap"
"application/ulpfec",""
"application/urc-grpsheet+xml",""
"application/urc-ressheet+xml",".rsheet"
"application/urc-targetdesc+xml",".td"
"application/urc-uisocketdesc+xml",""
"application/vcard+json",".vcard.json"
"application/vcard+xml",".vcf.xml"
"application/vemmi",""
"application/vnd.1000minds.decision-model+xml",".1km"
"application/vnd.3gpp-prose+xml",""
"application/vnd.3gpp-prose-pc3ch+xml",""
"application/vnd.3gpp-v2x-local-service-information",""
"application/vnd.3gpp.5gnas",""
"application/vnd.3gpp.access-transfer-events+xml",""
"application/vnd.3gpp.bsf+xml",""
"application/vnd.3gpp.gmop+xml",""
"application/vnd.3gpp.gtpc",""
"application/vnd.3gpp.interworking-data",""
"application/vnd.3gpp.lpp",""
"application/vnd.3gpp.mc-signalling-ear",""
"application/vnd.3gpp.mcdata-affiliation-command+xml",""
"application/vnd.3gpp.mcdata-info+xml",""
"application/vnd.3gpp.mcdata-payload",""
"application/vnd.3gpp.mcdata-service-config+xml",""
"application/vnd.3gpp.mcdata-signalling",""
"application/vnd.3gpp.mcdata-ue-config+xml",""
"application/vnd.3gpp.mcdata-user-profile+xml",""
"application/vnd.3gpp.mcptt-affiliation-command+xml",""
"application/vnd.3gpp.mcptt-floor-request+xml",""
"application/vnd.3gpp.mcptt-info+xml",""
"application/vnd.3gpp.mcptt-location-info+xml",""
"application/vnd.3gpp.mcptt-mbms-usage-info+xml",""
"application/vnd.3gpp.mcptt-service-config+xml",""
"application/vnd.3gpp.mcptt-signed+xml",""
"application/vnd.3gpp.mcptt-ue-config+xml",""
"application/vnd.3gpp.mcptt-ue-init-config+xml",""
"application/vnd.3gpp.mcptt-user-profile+xml",""
"application/vnd.3gpp.mcvideo-affiliation-command+xml",""
"application/vnd.3gpp.mcvideo-affiliation-info+xml",""
"application/vnd.3gpp.mcvideo-info+xml",""
"application/vnd.3gpp.mcvideo-location-info+xml",""
"application/vnd.3gpp.mcvideo-mbms-usage-info+xml",""
"application/vnd.3gpp.mcvideo-service-config+xml",""
"application/vnd.3gpp.mcvideo-transmission-request+xml",""
"application/vnd.3gpp.mcvideo-ue-config+xml",""
"application/vnd.3gpp.mcvideo-user-profile+xml",""
"application/vnd.3gpp.mid-call+xml",""
"application/vnd.3gpp.ngap",""
"application/vnd.3gpp.pfcp",""
"application/vnd.3gpp.pic-bw-large",".plb"
"application/vnd.3gpp.pic-bw-small",".psb"
"application/vnd.3gpp.pic-bw-var",".pvb"
"application/vnd.3gpp.s1ap",""
"application/vnd.3gpp.sms",""
"application/vnd.3gpp.sms+xml",""
"application/vnd.3gpp.srvcc-ext+xml",""
"application/vnd.3gpp.srvcc-info+xml",""
"application/vnd.3gpp.state-and-event-info+xml",""
"application/vnd.3gpp.ussd+xml",""
"application/vnd.3gpp2.bcmcsinfo+xml",""
"application/vnd.3gpp2.sms",""
"application/vnd.3gpp2.tcap",".tcap"
"application/vnd.3lightssoftware.imagescal",""
"application/vnd.3M.Post-it-Notes",""
"application/vnd.accpac.simply.aso",".aso"
"application/vnd.accpac.simply.imp",".imp"
"application/vnd.acucobol",".acu"
"application/vnd.acucorp",".atc,.acutc"
"application/vnd.adobe.flash.movie",""
"application/vnd.adobe.formscentral.fcdt",".fcdt"
"application/vnd.adobe.fxp",".fxp,.fxpl"
"application/vnd.adobe.partial-upload",""
"application/vnd.adobe.xdp+xml",".xdp"
"application/vnd.adobe.xfdf",".xfdf"
"application/vnd.aether.imp",""
"application/vnd.afpc.afplinedata",""
"application/vnd.afpc.afplinedata-pagedef",""
"application/vnd.afpc.cmoca-cmresource",""
"application/vnd.afpc.foca-charset",""
"application/vnd.afpc.foca-codedfont",""
"application/vnd.afpc.foca-codepage",""
"application/vnd.afpc.modca",""
"application/vnd.afpc.modca-cmtable",""
"application/vnd.afpc.modca-formdef",""
"application/vnd.afpc.modca-mediummap",""
"application/vnd.afpc.modca-objectcontainer",""
"application/vnd.afpc.modca-overlay",""
"application/vnd.afpc.modca-pagesegment",""
"application/vnd.age",".age"
"application/vnd.ah-barcode",""
"application/vnd.ahead.space",".ahead"
"application/vnd.airzip.filesecure.azf",".azf"
"application/vnd.airzip.filesecure.azs",".azs"
"application/vnd.amadeus+json",""
"application/vnd.amazon.ebook",".azw"
"application/vnd.amazon.mobi8-ebook",""
"application/vnd.americandynamics.acc",".acc"
"application/vnd.amiga.ami",".ami"
"application/vnd.amundsen.maze+xml",""
"application/vnd.android.ota",""
"application/vnd.anki",".anki"
"application/vnd.anser-web-certificate-issue-initiation",".cii"
"application/vnd.antix.game-component",".atx"
"application/vnd.apache.arrow.file",".arrows"
"application/vnd.apache.arrow.stream",".arrow"
"application/vnd.apache.thrift.binary",""
"application/vnd.apache.thrift.compact",""
"application/vnd.apache.thrift.json",""
"application/vnd.api+json",".api.json"
"application/vnd.aplextor.warrp+json",""
"application/vnd.apothekende.reservation+json",""
"application/vnd.apple.installer+xml",".mpkg"
"application/vnd.apple.keynote",".key"
"application/vnd.apple.mpegurl",".m3u8"
"application/vnd.apple.numbers",".numbers"
"application/vnd.apple.pages",".pages"
"application/vnd.apple.pkpass",".pkpass"
"application/vnd.arastra.swi",""
"application/vnd.aristanetworks.swi",".swi"
"application/vnd.artisan+json",""
"application/vnd.artsquare",""
"application/vnd.astraea-software.iota",".iota"
"application/vnd.audiograph",".aep"
"application/vnd.autopackage",""
"application/vnd.avalon+json",""
"application/vnd.avistar+xml",""
"application/vnd.balsamiq.bmml+xml",""
"application/vnd.banana-accounting",""
"application/vnd.bbf.usp.error",""
"application/vnd.bbf.usp.msg",""
"application/vnd.bbf.usp.msg+json",""
"application/vnd.bekitzur-stech+json",""
"application/vnd.bint.med-content",""
"application/vnd.biopax.rdf+xml",""
"application/vnd.blink-idb-value-wrapper",""
"application/vnd.blueice.multipass",".mpm"
"application/vnd.bluetooth.ep.oob",""
"application/vnd.bluetooth.le.oob",""
"application/vnd.bmi",".bmi"
"application/vnd.bpf",".bpf"
"application/vnd.bpf3",".bpf3"
"application/vnd.businessobjects",".rep"
"application/vnd.byu.uapi+json",""
"application/vnd.cab-jscript",""
"application/vnd.canon-cpdl",""
"application/vnd.canon-lips",""
"application/vnd.capasystems-pg+json",""
"application/vnd.cendio.thinlinc.clientconf",""
"application/vnd.century-systems.tcp_stream",""
"application/vnd.chemdraw+xml",".cdxml"
"application/vnd.chess-pgn",""
"application/vnd.chipnuts.karaoke-mmd",".mmd"
"application/vnd.ciedi",""
"application/vnd.cinderella",".cdy"
"application/vnd.cirpack.isdn-ext",""
"application/vnd.citationstyles.style+xml",".csl"
"application/vnd.claymore",".cla"
"application/vnd.cloanto.rp9",".rp9"
"application/vnd.clonk.c4group",".c4g,.c4d,.c4f,.c4p,.c4u"
"application/vnd.cluetrust.cartomobile-config",".c11amc"
"application/vnd.cluetrust.cartomobile-config-pkg",".c11amz"
"application/vnd.coffeescript",".coffee"
"application/vnd.collabio.xodocuments.document",""
"application/vnd.collabio.xodocuments.document-template",""
"application/vnd.collabio.xodocuments.presentation",""
"application/vnd.collabio.xodocuments.presentation-template",""
"application/vnd.collabio.xodocuments.spreadsheet",""
"application/vnd.collabio.xodocuments.spreadsheet-template",""
"application/vnd.collection+json",".collection.json"
"application/vnd.collection.doc+json",""
"application/vnd.collection.next+json",""
"application/vnd.comicbook+zip",".cbz"
"application/vnd.comicbook-rar",".cbr"
"application/vnd.commerce-battelle",""
"application/vnd.commonspace",".csp"
"application/vnd.contact.cmsg",".cdbcmsg"
"application/vnd.coreos.ignition+json",".ignition"
"application/vnd.cosmocaller",".cmc"
"application/vnd.crick.clicker",".clkx"
"application/vnd.crick.clicker.keyboard",".clkk"
"application/vnd.crick.clicker.palette",".clkp"
"application/vnd.crick.clicker.template",".clkt"
"application/vnd.crick.clicker.wordbank",".clkw"
"application/vnd.criticaltools.wbs+xml",".wbs"
"application/vnd.cryptii.pipe+json",""
"application/vnd.crypto-shade-file",""
"application/vnd.cryptomator.encrypted",""
"application/vnd.cryptomator.vault",""
"application/vnd.ctc-posml",".pml"
"application/vnd.ctct.ws+xml",""
"application/vnd.cups-pdf",""
"application/vnd.cups-postscript",""
"application/vnd.cups-ppd",".ppd"
"application/vnd.cups-raster",""
"application/vnd.cups-raw",""
"application/vnd.curl",".curl"
"application/vnd.cyan.dean.root+xml",""
"application/vnd.cybank",""
"application/vnd.d2l.coursepackage1p0+zip",""
"application/vnd.dart",".dart"
"application/vnd.data-vision.rdz",".rdz"
"application/vnd.datapackage+json",".datapackage.json"
"application/vnd.dataresource+json",".dataresource.json"
"application/vnd.debian.binary-package",""
"application/vnd.dece.data",".uvf,.uvvf,.uvd,.uvvd"
"application/vnd.dece.ttml+xml",".uvt,.uvvt"
"application/vnd.dece.unspecified",".uvx,.uvvx"
"application/vnd.dece.zip",".uvz,.uvvz"
"application/vnd.denovo.fcselayout-link",".fe_launch"
"application/vnd.desmume.movie",""
"application/vnd.dir-bi.plate-dl-nosuffix",""
"application/vnd.dm.delegation+xml",""
"application/vnd.dna",".dna"
"application/vnd.document+json",""
"application/vnd.dolby.mobile.1",""
"application/vnd.dolby.mobile.2",""
"application/vnd.doremir.scorecloud-binary-document",""
"application/vnd.dpgraph",".dpg"
"application/vnd.dreamfactory",".dfac"
"application/vnd.drive+json",""
"application/vnd.dtg.local",""
"application/vnd.dtg.local.flash",""
"application/vnd.dtg.local.html",""
"application/vnd.dvb.ait",".ait"
"application/vnd.dvb.dvbj",""
"application/vnd.dvb.esgcontainer",""
"application/vnd.dvb.ipdcdftnotifaccess",""
"application/vnd.dvb.ipdcesgaccess",""
"application/vnd.dvb.ipdcesgaccess2",""
"application/vnd.dvb.ipdcesgpdd",""
"application/vnd.dvb.ipdcroaming",""
"application/vnd.dvb.iptv.alfec-base",""
"application/vnd.dvb.iptv.alfec-enhancement",""
"application/vnd.dvb.notif-aggregate-root+xml",""
"application/vnd.dvb.notif-container+xml",""
"application/vnd.dvb.notif-generic+xml",""
"application/vnd.dvb.notif-ia-msglist+xml",""
"application/vnd.dvb.notif-ia-registration-request+xml",""
"application/vnd.dvb.notif-ia-registration-response+xml",""
"application/vnd.dvb.notif-init+xml",""
"application/vnd.dvb.pfr",""
"application/vnd.dvb.service",".svc"
"application/vnd.dxr",""
"application/vnd.dynageo",".geo"
"application/vnd.dzr",""
"application/vnd.easykaraoke.cdgdownload",""
"application/vnd.ecdis-update",""
"application/vnd.ecip.rlp",""
"application/vnd.eclipse.ditto+json",".ditto.json"
"application/vnd.ecowin.chart",".mag"
"application/vnd.ecowin.filerequest",""
"application/vnd.ecowin.fileupdate",""
"application/vnd.ecowin.series",""
"application/vnd.ecowin.seriesrequest",""
"application/vnd.ecowin.seriesupdate",""
"application/vnd.efi.img",""
"application/vnd.efi.iso",""
"application/vnd.emclient.accessrequest+xml",""
"application/vnd.enliven",".nml"
"application/vnd.enphase.envoy",""
"application/vnd.eprints.data+xml",""
"application/vnd.epson.esf",".esf"
"application/vnd.epson.msf",".msf"
"application/vnd.epson.quickanime",".qam"
"application/vnd.epson.salt",".slt"
"application/vnd.epson.ssf",".ssf"
"application/vnd.ericsson.quickcall",""
"application/vnd.espass-espass+zip",".espass"
"application/vnd.eszigno3+xml",".es3,.et3"
"application/vnd.etsi.aoc+xml",""
"application/vnd.etsi.asic-e+zip",".asice,.sce"
"application/vnd.etsi.asic-s+zip",".asics,.scs"
"application/vnd.etsi.cug+xml",""
"application/vnd.etsi.iptvcommand+xml",""
"application/vnd.etsi.iptvdiscovery+xml",""
"application/vnd.etsi.iptvprofile+xml",""
"application/vnd.etsi.iptvsad-bc+xml",""
"application/vnd.etsi.iptvsad-cod+xml",""
"application/vnd.etsi.iptvsad-npvr+xml",""
"application/vnd.etsi.iptvservice+xml",""
"application/vnd.etsi.iptvsync+xml",""
"application/vnd.etsi.iptvueprofile+xml",""
"application/vnd.etsi.mcid+xml",""
"application/vnd.etsi.mheg5",""
"application/vnd.etsi.overload-control-policy-dataset+xml",""
"application/vnd.etsi.pstn+xml",""
"application/vnd.etsi.sci+xml",""
"application/vnd.etsi.simservs+xml",""
"application/vnd.etsi.timestamp-token",""
"application/vnd.etsi.tsl+xml",""
"application/vnd.etsi.tsl.der",""
"application/vnd.eudora.data",""
"application/vnd.evolv.ecig.profile",""
"application/vnd.evolv.ecig.settings",""
"application/vnd.evolv.ecig.theme",""
"application/vnd.exstream-empower+zip",""
"application/vnd.exstream-package",""
"application/vnd.ezpix-album",".ez2"
"application/vnd.ezpix-package",".ez3"
"application/vnd.f-secure.mobile",""
"application/vnd.fastcopy-disk-image",""
"application/vnd.fdf",".fdf"
"application/vnd.fdsn.mseed",".mseed"
"application/vnd.fdsn.seed",".seed,.dataless"
"application/vnd.ffsns",""
"application/vnd.ficlab.flb+zip",".flb"
"application/vnd.filmit.zfc",""
"application/vnd.fints",""
"application/vnd.firemonkeys.cloudcell",""
"application/vnd.flographit",".gph"
"application/vnd.fluxtime.clip",".ftc"
"application/vnd.font-fontforge-sfd",""
"application/vnd.framemaker",".fm,.frame,.maker,.book"
"application/vnd.frogans.fnc",".fnc"
"application/vnd.frogans.ltf",".ltf"
"application/vnd.fsc.weblaunch",".fsc"
"application/vnd.fujifilm.fb.docuworks",""
"application/vnd.fujifilm.fb.docuworks.binder",""
"application/vnd.fujifilm.fb.docuworks.container",""
"application/vnd.fujifilm.fb.jfi+xml",".jfi"
"application/vnd.fujitsu.oasys",".oas"
"application/vnd.fujitsu.oasys2",".oa2"
"application/vnd.fujitsu.oasys3",".oa3"
"application/vnd.fujitsu.oasysgp",".fg5"
"application/vnd.fujitsu.oasysprs",".bh2"
"application/vnd.fujixerox.ART4",""
"application/vnd.fujixerox.ART-EX",""
"application/vnd.fujixerox.DDD",".ddd"
"application/vnd.fujixerox.docuworks",".xdw"
"application/vnd.fujixerox.docuworks.binder",".xbd"
"application/vnd.fujixerox.docuworks.container",""
"application/vnd.fujixerox.HBPL",""
"application/vnd.fut-misnet",""
"application/vnd.futoin+cbor",""
"application/vnd.futoin+json",""
"application/vnd.fuzzysheet",".fzs"
"application/vnd.genomatix.tuxedo",".txd"
"application/vnd.geo+json",".geojson"
"application/vnd.geocube+xml",""
"application/vnd.geogebra.file",".ggb"
"application/vnd.geogebra.slides",""
"application/vnd.geogebra.tool",".ggt"
"application/vnd.geometry-explorer",".gex,.gre"
"application/vnd.geonext",".gxt"
"application/vnd.geoplan",".g2w"
"application/vnd.geospace",".g3w"
"application/vnd.gerber",".gbr"
"application/vnd.globalplatform.card-content-mgt",""
"application/vnd.globalplatform.card-content-mgt-response",""
"application/vnd.gmx",".gmx"
"application/vnd.google-apps.document",""
"application/vnd.google-apps.presentation",""
"application/vnd.google-apps.spreadsheet",""
"application/vnd.google-earth.kml+xml",".kml"
"application/vnd.google-earth.kmz",".kmz"
"application/vnd.gov.sk.e-form+xml",""
"application/vnd.gov.sk.e-form+zip",""
"application/vnd.gov.sk.xmldatacontainer+xml",""
"application/vnd.grafeq",".gqf,.gqs"
"application/vnd.gridmp",""
"application/vnd.groove-account",".gac"
"application/vnd.groove-help",".ghf"
"application/vnd.groove-identity-message",".gim"
"application/vnd.groove-injector",".grv"
"application/vnd.groove-tool-message",".gtm"
"application/vnd.groove-tool-template",".tpl"
"application/vnd.groove-vcard",".vcg"
"application/vnd.hal+json",".hal.json"
"application/vnd.hal+xml",".hal.xml"
"application/vnd.handheld-entertainment",".zmm"
"application/vnd.hbci",".hbci"
"application/vnd.hc+json",""
"application/vnd.hcl-bireports",""
"application/vnd.hdt",".hdt"
"application/vnd.heroku+json",".heroku.json"
"application/vnd.hhe.lesson-player",".les"
"application/vnd.hp-HPGL",".hpgl"
"application/vnd.hp-hpid",".hpid"
"application/vnd.hp-hps",".hps"
"application/vnd.hp-jlyt",".jlt"
"application/vnd.hp-PCL",".pcl"
"application/vnd.hp-PCLXL",".pclxl"
"application/vnd.httphone",""
"application/vnd.hydrostatix.sof-data",".sfd-hdstx"
"application/vnd.hyper+json",""
"application/vnd.hyper-item+json",""
"application/vnd.hyperdrive+json",""
"application/vnd.hzn-3d-crossword",".x3d"
"application/vnd.ibm.afplinedata",""
"application/vnd.ibm.electronic-media",""
"application/vnd.ibm.minipay",".mpy"
"application/vnd.ibm.modcap",".afp,.listafp,.list3820"
"application/vnd.ibm.rights-management",".irm"
"application/vnd.ibm.secure-container",".sc"
"application/vnd.iccprofile",".icc,.icm"
"application/vnd.ieee.1905",""
"application/vnd.igloader",".igl"
"application/vnd.imagemeter.folder+zip",""
"application/vnd.imagemeter.image+zip",""
"application/vnd.immervision-ivp",".ivp"
"application/vnd.immervision-ivu",".ivu"
"application/vnd.ims.imsccv1p1",""
"application/vnd.ims.imsccv1p2",""
"application/vnd.ims.imsccv1p3",""
"application/vnd.ims.lis.v2.result+json",""
"application/vnd.ims.lti.v2.toolconsumerprofile+json",""
"application/vnd.ims.lti.v2.toolproxy.id+json",""
"application/vnd.ims.lti.v2.toolproxy+json",""
"application/vnd.ims.lti.v2.toolsettings+json",""
"application/vnd.ims.lti.v2.toolsettings.simple+json",""
"application/vnd.informedcontrol.rms+xml",""
"application/vnd.informix-visionary",""
"application/vnd.infotech.project",""
"application/vnd.infotech.project+xml",""
"application/vnd.innopath.wamp.notification",""
"application/vnd.insors.igm",".igm"
"application/vnd.intercon.formnet",".xpw,.xpx"
"application/vnd.intergeo",".i2g"
"application/vnd.intertrust.digibox",""
"application/vnd.intertrust.nncp",""
"application/vnd.intu.qbo",".qbo"
"application/vnd.intu.qfx",".qfx"
"application/vnd.iptc.g2.catalogitem+xml",""
"application/vnd.iptc.g2.conceptitem+xml",""
"application/vnd.iptc.g2.knowledgeitem+xml",""
"application/vnd.iptc.g2.newsitem+xml",""
"application/vnd.iptc.g2.newsmessage+xml",""
"application/vnd.iptc.g2.packageitem+xml",""
"application/vnd.iptc.g2.planningitem+xml",""
"application/vnd.ipunplugged.rcprofile",".rcprofile"
"application/vnd.irepository.package+xml",".irp"
"application/vnd.is-xpr",".xpr"
"application/vnd.isac.fcs",".fcs"
"application/vnd.jam",".jam"
"application/vnd.iso11783-10+zip",""
"application/vnd.japannet-directory-service",""
"application/vnd.japannet-jpnstore-wakeup",""
"application/vnd.japannet-payment-wakeup",""
"application/vnd.japannet-registration",""
"application/vnd.japannet-registration-wakeup",""
"application/vnd.japannet-setstore-wakeup",""
"application/vnd.japannet-verification",""
"application/vnd.japannet-verification-wakeup",""
"application/vnd.jcp.javame.midlet-rms",".rms"
"application/vnd.jisp",".jisp"
"application/vnd.joost.joda-archive",".joda"
"application/vnd.jsk.isdn-ngn",""
"application/vnd.kahootz",".ktz,.ktr"
"application/vnd.kde.karbon",".karbon"
"application/vnd.kde.kchart",".chrt"
"application/vnd.kde.kformula",".kfo"
"application/vnd.kde.kivio",".flw"
"application/vnd.kde.kontour",".kon"
"application/vnd.kde.kpresenter",".kpr,.kpt"
"application/vnd.kde.kspread",".ksp"
"application/vnd.kde.kword",".kwd,.kwt"
"application/vnd.kenameaapp",".htke"
"application/vnd.kidspiration",".kia"
"application/vnd.kinar",".kne,.knp"
"application/vnd.koan",".skp,.skd,.skt,.skm"
"application/vnd.kodak-descriptor",".sse"
"application/vnd.las",".lasxml"
"application/vnd.las.las+json",""
"application/vnd.las.las+xml",".las"
"application/vnd.laszip",".laz"
"application/vnd.leap+json",""
"application/vnd.liberty-request+xml",""
"application/vnd.llamagraphics.life-balance.desktop",".lbd"
"application/vnd.llamagraphics.life-balance.exchange+xml",".lbe"
"application/vnd.logipipe.circuit+zip",""
"application/vnd.loom",""
"application/vnd.lotus-1-2-3",".123"
"application/vnd.lotus-approach",".apr"
"application/vnd.lotus-freelance",".pre"
"application/vnd.lotus-notes",".nsf"
"application/vnd.lotus-organizer",".org"
"application/vnd.lotus-screencam",".scm"
"application/vnd.lotus-wordpro",".lwp"
"application/vnd.macports.portpkg",".portpkg"
"application/vnd.mapbox-vector-tile",".mvt"
"application/vnd.marlin.drm.actiontoken+xml",""
"application/vnd.marlin.drm.conftoken+xml",""
"application/vnd.marlin.drm.license+xml",""
"application/vnd.marlin.drm.mdcf",""
"application/vnd.mason+json",".mason.json"
"application/vnd.maxmind.maxmind-db",".mmdb"
"application/vnd.mcd",".mcd"
"application/vnd.medcalcdata",".mc1"
"application/vnd.mediastation.cdkey",".cdkey"
"application/vnd.meridian-slingshot",""
"application/vnd.MFER",".mwf"
"application/vnd.mfmp",".mfm"
"application/vnd.micro+json",""
"application/vnd.micrografx.flo",".flo"
"application/vnd.micrografx.igx",".igx"
"application/vnd.microsoft.portable-executable",""
"application/vnd.microsoft.windows.thumbnail-cache",""
"application/vnd.miele+json",""
"application/vnd.mif",".mif"
"application/vnd.minisoft-hp3000-save",""
"application/vnd.mitsubishi.misty-guard.trustweb",""
"application/vnd.Mobius.DAF",".daf"
"application/vnd.Mobius.DIS",".dis"
"application/vnd.Mobius.MBK",".mbk"
"application/vnd.Mobius.MQY",".mqy"
"application/vnd.Mobius.MSL",".msl"
"application/vnd.Mobius.PLC",".plc"
"application/vnd.Mobius.TXF",".txf"
"application/vnd.mophun.application",".mpn"
"application/vnd.mophun.certificate",".mpc"
"application/vnd.motorola.flexsuite",""
"application/vnd.motorola.flexsuite.adsi",""
"application/vnd.motorola.flexsuite.fis",""
"application/vnd.motorola.flexsuite.gotap",""
"application/vnd.motorola.flexsuite.kmr",""
"application/vnd.motorola.flexsuite.ttc",""
"application/vnd.motorola.flexsuite.wem",""
"application/vnd.motorola.iprm",""
"application/vnd.mozilla.xul+xml",".xul"
"application/vnd.ms-3mfdocument",".3mf"
"application/vnd.ms-artgalry",".cil"
"application/vnd.ms-asf",""
"application/vnd.ms-cab-compressed",".cab"
"application/vnd.ms-color.iccprofile",""
"application/vnd.ms-excel",".xls,.xlm,.xla,.xlc,.xlt,.xlw"
"application/vnd.ms-excel.addin.macroEnabled.12",".xlam"
"application/vnd.ms-excel.sheet.binary.macroEnabled.12",".xlsb"
"application/vnd.ms-excel.sheet.macroEnabled.12",".xlsm"
"application/vnd.ms-excel.template.macroEnabled.12",".xltm"
"application/vnd.ms-fontobject",".eot"
"application/vnd.ms-htmlhelp",".chm"
"application/vnd.ms-ims",".ims"
"application/vnd.ms-lrm",".lrm"
"application/vnd.ms-office.activeX+xml",""
"application/vnd.ms-officetheme",".thmx"
"application/vnd.ms-opentype",".otf"
"application/vnd.ms-package.obfuscated-opentype",""
"application/vnd.ms-pki.seccat",".cat"
"application/vnd.ms-pki.stl",".stl"
"application/vnd.ms-playready.initiator+xml",""
"application/vnd.ms-powerpoint",".ppt,.pps,.pot"
"application/vnd.ms-powerpoint.addin.macroEnabled.12",".ppam"
"application/vnd.ms-powerpoint.presentation.macroEnabled.12",".pptm"
"application/vnd.ms-powerpoint.slide.macroEnabled.12",".sldm"
"application/vnd.ms-powerpoint.slideshow.macroEnabled.12",".ppsm"
"application/vnd.ms-powerpoint.template.macroEnabled.12",".potm"
"application/vnd.ms-printdevicecapabilities+xml",""
"application/vnd.ms-printing.printticket+xml",""
"application/vnd.ms-printschematicket+xml",""
"application/vnd.ms-project",".mpp,.mpt"
"application/vnd.ms-tnef",""
"application/vnd.ms-windows.devicepairing",""
"application/vnd.ms-windows.nwprinting.oob",""
"application/vnd.ms-windows.printerpairing",""
"application/vnd.ms-windows.wsd.oob",""
"application/vnd.ms-wmdrm.lic-chlg-req",""
"application/vnd.ms-wmdrm.lic-resp",""
"application/vnd.ms-wmdrm.meter-chlg-req",""
"application/vnd.ms-wmdrm.meter-resp",""
"application/vnd.ms-word.document.macroEnabled.12",".docm"
"application/vnd.ms-word.template.macroEnabled.12",".dotm"
"application/vnd.ms-works",".wps,.wks,.wcm,.wdb"
"application/vnd.ms-wpl",".wpl"
"application/vnd.ms-xpsdocument",".xps"
"application/vnd.msa-disk-image",""
"application/vnd.mseq",".mseq"
"application/vnd.msign",""
"application/vnd.multiad.creator",""
"application/vnd.multiad.creator.cif",""
"application/vnd.music-niff",""
"application/vnd.musician",".mus"
"application/vnd.muvee.style",".msty"
"application/vnd.mynfc",".taglet"
"application/vnd.ncd.control",""
"application/vnd.ncd.reference",""
"application/vnd.nearst.inv+json",""
"application/vnd.nebumind.line",""
"application/vnd.nervana",""
"application/vnd.netfpx",".npx"
"application/vnd.neurolanguage.nlu",".nlu"
"application/vnd.nimn",""
"application/vnd.nintendo.nitro.rom",""
"application/vnd.nintendo.snes.rom",""
"application/vnd.nitf",".ntf,.nitf"
"application/vnd.noblenet-directory",".nnd"
"application/vnd.noblenet-sealer",".nns"
"application/vnd.noblenet-web",".nnw"
"application/vnd.nokia.catalogs",""
"application/vnd.nokia.conml+wbxml",""
"application/vnd.nokia.conml+xml",""
"application/vnd.nokia.iptv.config+xml",""
"application/vnd.nokia.isds-radio-presets",""
"application/vnd.nokia.landmark+wbxml",""
"application/vnd.nokia.landmark+xml",""
"application/vnd.nokia.landmarkcollection+xml",""
"application/vnd.nokia.n-gage.ac+xml",""
"application/vnd.nokia.n-gage.data",".ngdat"
"application/vnd.nokia.n-gage.symbian.install",".n-gage"
"application/vnd.nokia.ncd",""
"application/vnd.nokia.pcd+wbxml",""
"application/vnd.nokia.pcd+xml",""
"application/vnd.nokia.radio-preset",".rpst"
"application/vnd.nokia.radio-presets",".rpss"
"application/vnd.novadigm.EDM",".edm"
"application/vnd.novadigm.EDX",".edx"
"application/vnd.novadigm.EXT",".ext"
"application/vnd.ntt-local.content-share",""
"application/vnd.ntt-local.file-transfer",""
"application/vnd.ntt-local.ogw_remote-access",""
"application/vnd.ntt-local.sip-ta_remote",""
"application/vnd.ntt-local.sip-ta_tcp_stream",""
"application/vnd.oasis.opendocument.chart",".odc"
"application/vnd.oasis.opendocument.chart-template",".otc"
"application/vnd.oasis.opendocument.database",".odb"
"application/vnd.oasis.opendocument.formula",".odf"
"application/vnd.oasis.opendocument.formula-template",".odft"
"application/vnd.oasis.opendocument.graphics",".odg"
"application/vnd.oasis.opendocument.graphics-template",".otg"
"application/vnd.oasis.opendocument.image",".odi"
"application/vnd.oasis.opendocument.image-template",".oti"
"application/vnd.oasis.opendocument.presentation",".odp"
"application/vnd.oasis.opendocument.presentation-template",".otp"
"application/vnd.oasis.opendocument.spreadsheet",".ods"
"application/vnd.oasis.opendocument.spreadsheet-template",".ots"
"application/vnd.oasis.opendocument.text",".odt"
"application/vnd.oasis.opendocument.text-master",".odm"
"application/vnd.oasis.opendocument.text-template",".ott"
"application/vnd.oasis.opendocument.text-web",".oth"
"application/vnd.obn",""
"application/vnd.ocf+cbor",""
"application/vnd.oci.image.manifest.v1+json",""
"application/vnd.oftn.l10n+json",""
"application/vnd.oipf.contentaccessdownload+xml",""
"application/vnd.oipf.contentaccessstreaming+xml",""
"application/vnd.oipf.cspg-hexbinary",""
"application/vnd.oipf.dae.svg+xml",""
"application/vnd.oipf.dae.xhtml+xml",""
"application/vnd.oipf.mippversion+xml",""
"application/vnd.oipf.pae.gem",""
"application/vnd.oipf.spdiscovery+xml",""
"application/vnd.oipf.spdlist+xml",""
"application/vnd.oipf.ueprofile+xml",""
"application/vnd.oipf.userprofile+xml",""
"application/vnd.olpc-sugar",".xo"
"application/vnd.oma-scws-config",""
"application/vnd.oma-scws-http-request",""
"application/vnd.oma-scws-http-response",""
"application/vnd.oma.bcast.associated-procedure-parameter+xml",""
"application/vnd.oma.bcast.drm-trigger+xml",""
"application/vnd.oma.bcast.imd+xml",""
"application/vnd.oma.bcast.ltkm",""
"application/vnd.oma.bcast.notification+xml",""
"application/vnd.oma.bcast.provisioningtrigger",""
"application/vnd.oma.bcast.sgboot",""
"application/vnd.oma.bcast.sgdd+xml",""
"application/vnd.oma.bcast.sgdu",""
"application/vnd.oma.bcast.simple-symbol-container",""
"application/vnd.oma.bcast.smartcard-trigger+xml",""
"application/vnd.oma.bcast.sprov+xml",""
"application/vnd.oma.bcast.stkm",""
"application/vnd.oma.cab-address-book+xml",""
"application/vnd.oma.cab-feature-handler+xml",""
"application/vnd.oma.cab-pcc+xml",""
"application/vnd.oma.cab-subs-invite+xml",""
"application/vnd.oma.cab-user-prefs+xml",""
"application/vnd.oma.dcd",""
"application/vnd.oma.dcdc",""
"application/vnd.oma.dd2+xml",".dd2"
"application/vnd.oma.drm.risd+xml",""
"application/vnd.oma.group-usage-list+xml",""
"application/vnd.oma.lwm2m+cbor",""
"application/vnd.oma.lwm2m+json",""
"application/vnd.oma.lwm2m+tlv",""
"application/vnd.oma.pal+xml",""
"application/vnd.oma.poc.detailed-progress-report+xml",""
"application/vnd.oma.poc.final-report+xml",""
"application/vnd.oma.poc.groups+xml",""
"application/vnd.oma.poc.invocation-descriptor+xml",""
"application/vnd.oma.poc.optimized-progress-report+xml",""
"application/vnd.oma.push",""
"application/vnd.oma.scidm.messages+xml",""
"application/vnd.oma.xcap-directory+xml",""
"application/vnd.omads-email+xml",""
"application/vnd.omads-file+xml",""
"application/vnd.omads-folder+xml",""
"application/vnd.omaloc-supl-init",""
"application/vnd.onepager",""
"application/vnd.onepagertamp",""
"application/vnd.onepagertamx",""
"application/vnd.onepagertat",""
"application/vnd.onepagertatp",""
"application/vnd.onepagertatx",""
"application/vnd.openblox.game-binary",""
"application/vnd.openblox.game+xml",""
"application/vnd.openeye.oeb",""
"application/vnd.openofficeorg.extension",".oxt"
"application/vnd.openstreetmap.data+xml",".osm"
"application/vnd.opentimestamps.ots",".ots"
"application/vnd.openxmlformats-officedocument.custom-properties+xml",""
"application/vnd.openxmlformats-officedocument.customXmlProperties+xml",""
"application/vnd.openxmlformats-officedocument.drawing+xml",""
"application/vnd.openxmlformats-officedocument.drawingml.chart+xml",""
"application/vnd.openxmlformats-officedocument.drawingml.chartshapes+xml",""
"application/vnd.openxmlformats-officedocument.drawingml.diagramColors+xml",""
"application/vnd.openxmlformats-officedocument.drawingml.diagramData+xml",""
"application/vnd.openxmlformats-officedocument.drawingml.diagramLayout+xml",""
"application/vnd.openxmlformats-officedocument.drawingml.diagramStyle+xml",""
"application/vnd.openxmlformats-officedocument.extended-properties+xml",""
"application/vnd.openxmlformats-officedocument.presentationml.commentAuthors+xml",""
"application/vnd.openxmlformats-officedocument.presentationml.comments+xml",""
"application/vnd.openxmlformats-officedocument.presentationml.handoutMaster+xml",""
"application/vnd.openxmlformats-officedocument.presentationml.notesMaster+xml",""
"application/vnd.openxmlformats-officedocument.presentationml.notesSlide+xml",""
"application/vnd.openxmlformats-officedocument.presentationml.presentation",".pptx"
"application/vnd.openxmlformats-officedocument.presentationml.presentation.main+xml",""
"application/vnd.openxmlformats-officedocument.presentationml.presProps+xml",""
"application/vnd.openxmlformats-officedocument.presentationml.slide",".sldx"
"application/vnd.openxmlformats-officedocument.presentationml.slide+xml",""
"application/vnd.openxmlformats-officedocument.presentationml.slideLayout+xml",""
"application/vnd.openxmlformats-officedocument.presentationml.slideMaster+xml",""
"application/vnd.openxmlformats-officedocument.presentationml.slideshow",".ppsx"
"application/vnd.openxmlformats-officedocument.presentationml.slideshow.main+xml",""
"application/vnd.openxmlformats-officedocument.presentationml.slideUpdateInfo+xml",""
"application/vnd.openxmlformats-officedocument.presentationml.tableStyles+xml",""
"application/vnd.openxmlformats-officedocument.presentationml.tags+xml",""
"application/vnd.openxmlformats-officedocument.presentationml.template",".potx"
"application/vnd.openxmlformats-officedocument.presentationml.template.main+xml",""
"application/vnd.openxmlformats-officedocument.presentationml.viewProps+xml",""
"application/vnd.openxmlformats-officedocument.spreadsheetml.calcChain+xml",""
"application/vnd.openxmlformats-officedocument.spreadsheetml.chartsheet+xml",""
"application/vnd.openxmlformats-officedocument.spreadsheetml.comments+xml",""
"application/vnd.openxmlformats-officedocument.spreadsheetml.connections+xml",""
"application/vnd.openxmlformats-officedocument.spreadsheetml.dialogsheet+xml",""
"application/vnd.openxmlformats-officedocument.spreadsheetml.externalLink+xml",""
"application/vnd.openxmlformats-officedocument.spreadsheetml.pivotCacheDefinition+xml",""
"application/vnd.openxmlformats-officedocument.spreadsheetml.pivotCacheRecords+xml",""
"application/vnd.openxmlformats-officedocument.spreadsheetml.pivotTable+xml",""
"application/vnd.openxmlformats-officedocument.spreadsheetml.queryTable+xml",""
"application/vnd.openxmlformats-officedocument.spreadsheetml.revisionHeaders+xml",""
"application/vnd.openxmlformats-officedocument.spreadsheetml.revisionLog+xml",""
"application/vnd.openxmlformats-officedocument.spreadsheetml.sharedStrings+xml",""
"application/vnd.openxmlformats-officedocument.spreadsheetml.sheet",".xlsx"
"application/vnd.openxmlformats-officedocument.spreadsheetml.sheet.main+xml",""
"application/vnd.openxmlformats-officedocument.spreadsheetml.sheetMetadata+xml",""
"application/vnd.openxmlformats-officedocument.spreadsheetml.styles+xml",""
"application/vnd.openxmlformats-officedocument.spreadsheetml.table+xml",""
"application/vnd.openxmlformats-officedocument.spreadsheetml.tableSingleCells+xml",""
"application/vnd.openxmlformats-officedocument.spreadsheetml.template",".xltx"
"application/vnd.openxmlformats-officedocument.spreadsheetml.template.main+xml",""
"application/vnd.openxmlformats-officedocument.spreadsheetml.userNames+xml",""
"application/vnd.openxmlformats-officedocument.spreadsheetml.volatileDependencies+xml",""
"application/vnd.openxmlformats-officedocument.spreadsheetml.worksheet+xml",""
"application/vnd.openxmlformats-officedocument.theme+xml",""
"application/vnd.openxmlformats-officedocument.themeOverride+xml",""
"application/vnd.openxmlformats-officedocument.vmlDrawing",""
"application/vnd.openxmlformats-officedocument.wordprocessingml.comments+xml",""
"application/vnd.openxmlformats-officedocument.wordprocessingml.document",".docx"
"application/vnd.openxmlformats-officedocument.wordprocessingml.document.glossary+xml",""
"application/vnd.openxmlformats-officedocument.wordprocessingml.document.main+xml",""
"application/vnd.openxmlformats-officedocument.wordprocessingml.endnotes+xml",""
"application/vnd.openxmlformats-officedocument.wordprocessingml.fontTable+xml",""
"application/vnd.openxmlformats-officedocument.wordprocessingml.footer+xml",""
"application/vnd.openxmlformats-officedocument.wordprocessingml.footnotes+xml",""
"application/vnd.openxmlformats-officedocument.wordprocessingml.numbering+xml",""
"application/vnd.openxmlformats-officedocument.wordprocessingml.settings+xml",""
"application/vnd.openxmlformats-officedocument.wordprocessingml.styles+xml",""
"application/vnd.openxmlformats-officedocument.wordprocessingml.template",".dotx"
"application/vnd.openxmlformats-officedocument.wordprocessingml.template.main+xml",""
"application/vnd.openxmlformats-officedocument.wordprocessingml.webSettings+xml",""
"application/vnd.openxmlformats-package.core-properties+xml",""
"application/vnd.openxmlformats-package.digital-signature-xmlsignature+xml",""
"application/vnd.openxmlformats-package.relationships+xml",""
"application/vnd.oracle.resource+json",""
"application/vnd.orange.indata",""
"application/vnd.osa.netdeploy",""
"application/vnd.osgeo.mapguide.package",".mgp"
"application/vnd.osgi.bundle",""
"application/vnd.osgi.dp",".dp"
"application/vnd.osgi.subsystem",".esa"
"application/vnd.otps.ct-kip+xml",""
"application/vnd.oxli.countgraph",""
"application/vnd.pagerduty+json",""
"application/vnd.palm",".pdb,.pqa,.oprc"
"application/vnd.panoply",""
"application/vnd.paos.xml",""
"application/vnd.patentdive",""
"application/vnd.patientecommsdoc",""
"application/vnd.pawaafile",".paw"
"application/vnd.pcos",""
"application/vnd.pg.format",".str"
"application/vnd.pg.osasli",".ei6"
"application/vnd.piaccess.application-licence",""
"application/vnd.picsel",".efif"
"application/vnd.pmi.widget",".wg"
"application/vnd.poc.group-advertisement+xml",""
"application/vnd.pocketlearn",".plf"
"application/vnd.powerbuilder6",".pbd"
"application/vnd.powerbuilder6-s",""
"application/vnd.powerbuilder7",""
"application/vnd.powerbuilder7-s",""
"application/vnd.powerbuilder75",""
"application/vnd.powerbuilder75-s",""
"application/vnd.preminet",""
"application/vnd.previewsystems.box",".box"
"application/vnd.proteus.magazine",".mgz"
"application/vnd.psfs",""
"application/vnd.publishare-delta-tree",".qps"
"application/vnd.pvi.ptid1",".ptid"
"application/vnd.pwg-multiplexed",""
"application/vnd.pwg-xhtml-print+xml",""
"application/vnd.qualcomm.brew-app-res",""
"application/vnd.quarantainenet",""
"application/vnd.Quark.QuarkXPress",".qxd,.qxt,.qwd,.qwt,.qxl,.qxb"
"application/vnd.quobject-quoxdocument",""
"application/vnd.radisys.moml+xml",""
"application/vnd.radisys.msml+xml",""
"application/vnd.radisys.msml-audit+xml",""
"application/vnd.radisys.msml-audit-conf+xml",""
"application/vnd.radisys.msml-audit-conn+xml",""
"application/vnd.radisys.msml-audit-dialog+xml",""
"application/vnd.radisys.msml-audit-stream+xml",""
"application/vnd.radisys.msml-conf+xml",""
"application/vnd.radisys.msml-dialog+xml",""
"application/vnd.radisys.msml-dialog-base+xml",""
"application/vnd.radisys.msml-dialog-fax-detect+xml",""
"application/vnd.radisys.msml-dialog-fax-sendrecv+xml",""
"application/vnd.radisys.msml-dialog-group+xml",""
"application/vnd.radisys.msml-dialog-speech+xml",""
"application/vnd.radisys.msml-dialog-transform+xml",""
"application/vnd.rainstor.data",""
"application/vnd.rapid",""
"application/vnd.rar",".rar"
"application/vnd.realvnc.bed",".bed"
"application/vnd.recordare.musicxml",".mxl"
"application/vnd.recordare.musicxml+xml",".musicxml"
"application/vnd.RenLearn.rlprint",""
"application/vnd.resilient.logic",""
"application/vnd.restful+json",""
"application/vnd.rig.cryptonote",".cryptonote"
"application/vnd.rim.cod",".cod"
"application/vnd.rn-realmedia",".rm"
"application/vnd.rn-realmedia-vbr",".rmvb"
"application/vnd.route66.link66+xml",".link66"
"application/vnd.rs-274x",""
"application/vnd.ruckus.download",""
"application/vnd.s3sms",""
"application/vnd.sailingtracker.track",".st"
"application/vnd.sbm.cid",""
"application/vnd.sbm.mid2",""
"application/vnd.scribus",""
"application/vnd.sealed.3df",""
"application/vnd.sealed.csf",""
"application/vnd.sealed.doc",""
"application/vnd.sealed.eml",""
"application/vnd.sealed.mht",""
"application/vnd.sealed.net",""
"application/vnd.sealed.ppt",""
"application/vnd.sealed.tiff",""
"application/vnd.sealed.xls",""
"application/vnd.sealedmedia.softseal.html",""
"application/vnd.sealedmedia.softseal.pdf",""
"application/vnd.seemail",".see"
"application/vnd.sema",".sema"
"application/vnd.semd",".semd"
"application/vnd.semf",".semf"
"application/vnd.shade-save-file",""
"application/vnd.shana.informed.formdata",".ifm"
"application/vnd.shana.informed.formtemplate",".itp"
"application/vnd.shana.informed.interchange",".iif"
"application/vnd.shana.informed.package",".ipk"
"application/vnd.shootproof+json",""
"application/vnd.shopkick+json",""
"application/vnd.sigrok.session",".sr"
"application/vnd.SimTech-MindMapper",".twd,.twds"
"application/vnd.siren+json",""
"application/vnd.smaf",".mmf"
"application/vnd.smart.notebook",""
"application/vnd.smart.teacher",".teacher"
"application/vnd.software602.filler.form+xml",""
"application/vnd.software602.filler.form-xml-zip",""
"application/vnd.solent.sdkm+xml",".sdkm,.sdkd"
"application/vnd.spotfire.dxp",".dxp"
"application/vnd.spotfire.sfs",".sfs"
"application/vnd.sqlite3",".sqlite3"
"application/vnd.sss-cod",""
"application/vnd.sss-dtf",""
"application/vnd.sss-ntf",""
"application/vnd.stardivision.calc",".sdc"
"application/vnd.stardivision.draw",".sda"
"application/vnd.stardivision.impress",".sdd"
"application/vnd.stardivision.math",".smf"
"application/vnd.stardivision.writer",".sdw,.vor"
"application/vnd.stardivision.writer-global",".sgl"
"application/vnd.stepmania.package",".smzip"
"application/vnd.stepmania.stepchart",".sm"
"application/vnd.street-stream",""
"application/vnd.sun.wadl+xml",".wadl"
"application/vnd.sun.xml.calc",".sxc"
"application/vnd.sun.xml.calc.template",".stc"
"application/vnd.sun.xml.draw",".sxd"
"application/vnd.sun.xml.draw.template",".std"
"application/vnd.sun.xml.impress",".sxi"
"application/vnd.sun.xml.impress.template",".sti"
"application/vnd.sun.xml.math",".sxm"
"application/vnd.sun.xml.writer",".sxw"
"application/vnd.sun.xml.writer.global",".sxg"
"application/vnd.sun.xml.writer.template",".stw"
"application/vnd.sus-calendar",".sus,.susp"
"application/vnd.svd",".svd"
"application/vnd.swiftview-ics",""
"application/vnd.sycle+xml",""
"application/vnd.syft+json",""
"application/vnd.symbian.install",".sis,.sisx"
"application/vnd.syncml+xml",".xsm"
"application/vnd.syncml.dm+wbxml",".bdm"
"application/vnd.syncml.dm+xml",".xdm"
"application/vnd.syncml.dm.notification",""
"application/vnd.syncml.dmddf+wbxml",""
"application/vnd.syncml.dmddf+xml",".ddf"
"application/vnd.syncml.dmtnds+wbxml",""
"application/vnd.syncml.dmtnds+xml",""
"application/vnd.syncml.ds.notification",""
"application/vnd.tableschema+json",".tableschema.json"
"application/vnd.tao.intent-module-archive",".tao"
"application/vnd.tcpdump.pcap",".pcap,.cap,.dmp"
"application/vnd.think-cell.ppttc+json",""
"application/vnd.tml",""
"application/vnd.tmobile-livetv",".tmo"
"application/vnd.tri.onesource",""
"application/vnd.trid.tpt",".tpt"
"application/vnd.triscape.mxs",".mxs"
"application/vnd.trueapp",".tra"
"application/vnd.truedoc",""
"application/vnd.ubisoft.webplayer",""
"application/vnd.ufdl",".ufd,.ufdl"
"application/vnd.uiq.theme",".utz"
"application/vnd.umajin",".umj"
"application/vnd.unity",".unityweb"
"application/vnd.uoml+xml",".uoml"
"application/vnd.uplanet.alert",""
"application/vnd.uplanet.alert-wbxml",""
"application/vnd.uplanet.bearer-choice",""
"application/vnd.uplanet.bearer-choice-wbxml",""
"application/vnd.uplanet.cacheop",""
"application/vnd.uplanet.cacheop-wbxml",""
"application/vnd.uplanet.channel",""
"application/vnd.uplanet.channel-wbxml",""
"application/vnd.uplanet.list",""
"application/vnd.uplanet.list-wbxml",""
"application/vnd.uplanet.listcmd",""
"application/vnd.uplanet.listcmd-wbxml",""
"application/vnd.uplanet.signal",""
"application/vnd.uri-map",""
"application/vnd.valve.source.material",""
"application/vnd.vcx",".vcx"
"application/vnd.vd-study",""
"application/vnd.vectorworks",""
"application/vnd.vel+json",""
"application/vnd.verimatrix.vcas",""
"application/vnd.veryant.thin",""
"application/vnd.ves.encrypted",""
"application/vnd.vidsoft.vidconference",""
"application/vnd.visio",".vsd,.vst,.vss,.vsw"
"application/vnd.visionary",".vis"
"application/vnd.vividence.scriptfile",""
"application/vnd.vsf",".vsf"
"application/vnd.wap.sic",""
"application/vnd.wap.slc",""
"application/vnd.wap.wbxml",".wbxml"
"application/vnd.wap.wmlc",".wmlc"
"application/vnd.wap.wmlscript",".wmls"
"application/vnd.webturbo",".wtb"
"application/vnd.wfa.dpp",""
"application/vnd.wfa.p2p",""
"application/vnd.wfa.wsc",""
"application/vnd.windows.devicepairing",""
"application/vnd.wmc",""
"application/vnd.wmf.bootstrap",""
"application/vnd.wolfram.mathematica",".nb"
"application/vnd.wolfram.mathematica.package",".m"
"application/vnd.wolfram.player",".nbp"
"application/vnd.wordperfect",".wpd"
"application/vnd.wqd",".wqd"
"application/vnd.wrq-hp3000-labelled",""
"application/vnd.wt.stf",".stf"
"application/vnd.wv.csp+wbxml",""
"application/vnd.wv.csp+xml",""
"application/vnd.wv.ssp+xml",""
"application/vnd.xacml+json",""
"application/vnd.xara",".xar"
"application/vnd.xfdl",".xfdl"
"application/vnd.xfdl.webform",""
"application/vnd.xmi+xml",".xmi"
"application/vnd.xmpie.cpkg",""
"application/vnd.xmpie.dpkg",""
"application/vnd.xmpie.plan",""
"application/vnd.xmpie.ppkg",""
"application/vnd.xmpie.xlim",""
"application/vnd.yamaha.hv-dic",".hvd"
"application/vnd.yamaha.hv-script",".hvs"
"application/vnd.yamaha.hv-voice",".hvp"
"application/vnd.yamaha.openscoreformat",".osf"
"application/vnd.yamaha.openscoreformat.osfpvg+xml",".osfpvg"
"application/vnd.yamaha.remote-setup",""
"application/vnd.yamaha.smaf-audio",".saf"
"application/vnd.yamaha.smaf-phrase",".spf"
"application/vnd.yamaha.through-ngn",""
"application/vnd.yamaha.tunnel-udpencap",""
"application/vnd.yaoweme",""
"application/vnd.yellowriver-custom-menu",".cmp"
"application/vnd.youtube.yt",""
"application/vnd.zul",".zir,.zirz"
"application/vnd.zzazz.deck+xml",".zaz"
"application/voicexml+xml",".vxml"
"application/voucher-cms+json",""
"application/vq-rtcpxr",""
"application/wasm",".wasm"
"application/watcherinfo+xml",""
"application/webpush-options+json",""
"application/whoispp-query",""
"application/whoispp-response",""
"application/widget",".wgt"
"application/winhlp",".hlp"
"application/wita",""
"application/wordperfect5.1",""
"application/wsdl+xml",".wsdl"
"application/wspolicy+xml",".wspolicy"
"application/x-pkcs12",".p12,.pfx"
"application/x-pkcs7-certificates",".p7b,.spc"
"application/x-pkcs7-certreqresp",".p7r"
"application/x-pkcs7-mime",".p7m"
"application/x-pkcs7-signature",".p7s"
"application/x-www-form-urlencoded",""
"application/x-x509-ca-cert",".der,.crt,.pem"
"application/x-x509-next-ca-cert",""
"application/x400-bp",""
"application/xacml+xml",""
"application/xcap-att+xml",""
"application/xcap-caps+xml",""
"application/xcap-diff+xml",".xdf"
"application/xcap-el+xml",""
"application/xcap-error+xml",""
"application/xcap-ns+xml",""
"application/xcon-conference-info-diff+xml",""
"application/xcon-conference-info+xml",""
"application/xenc+xml",".xenc"
"application/xhtml+xml",".xhtml,.xht"
"application/xliff+xml",".xlf"
"application/xml",".xml,.xsl"
"application/xml-dtd",".dtd"
"application/xml-external-parsed-entity",""
"application/xml-patch+xml",""
"application/xmpp+xml",""
"application/xop+xml",".xop"
"application/xslt+xml",".xsl,.xslt"
"application/xv+xml",".mxml,.xhv,.xvm,.xvml"
"application/yaml",".yaml,.yml"
"application/yang",".yang"
"application/yang-data+cbor",""
"application/yang-data+json",""
"application/yang-data+xml",""
"application/yang-patch+json",""
"application/yang-patch+xml",""
"application/yang-sid+json",""
"application/yin+xml",".yin"
"application/zip",".zip"
"application/zlib",".zz"
"application/zstd",".zst"
"audio/1d-interleaved-parityfec",""
"audio/32kadpcm",""
"audio/3gpp",".3gpp,.3gp"
"audio/3gpp2",".3gpp2,.3gp2"
"audio/aac",".aac"
"audio/ac3",".ac3"
"audio/AMR",".amr"
"audio/AMR-WB",".awb"
"audio/amr-wb+",""
"audio/aptx",""
"audio/asc",""
"audio/ATRAC-ADVANCED-LOSSLESS",""
"audio/ATRAC-X",""
"audio/ATRAC3",""
"audio/basic",".au,.snd"
"audio/BV16",""
"audio/BV32",""
"audio/clearmode",""
"audio/CN",""
"audio/DAT12",""
"audio/dls",""
"audio/dsr-es201108",""
"audio/dsr-es202050",""
"audio/dsr-es202211",""
"audio/dsr-es202212",""
"audio/DV",""
"audio/DVI4",""
"audio/eac3",".ec3"
"audio/encaprtp",""
"audio/EVS",""
"audio/example",""
"audio/fwdred",""
"audio/G711-0",""
"audio/G719",""
"audio/G722",""
"audio/G7221",""
"audio/G723",""
"audio/G726-16",""
"audio/G726-24",""
"audio/G726-32",""
"audio/G726-40",""
"audio/G728",""
"audio/G729",""
"audio/G7291",""
"audio/G729D",""
"audio/G729E",""
"audio/GSM",""
"audio/GSM-EFR",""
" audio/GSM-HR-08",""
"audio/iLBC",".ilbc"
"audio/ip-mr_v2.5",""
"audio/L8",""
"audio/L16",""
"audio/L20",""
"audio/L24",""
"audio/LPC",""
"audio/matroska",".mka"
"audio/melp",""
"audio/melp1200",""
"audio/melp2400",""
"audio/melp600",""
"audio/mhas",".mhas"
"audio/mobile-xmf",".mxmf"
"audio/MPA",".mpa"
"audio/mp4",".mp4a,.m4a,.mp4"
"audio/MP4A-LATM",""
"audio/mpa-robust",""
"audio/mpeg",".mpga,.mp2,.mp2a,.mp3,.m2a,.m3a"
"audio/mpeg4-generic",""
"audio/ogg",".oga,.ogg,.spx"
"audio/opus",".opus"
"audio/parityfec",""
"audio/PCMA",""
"audio/PCMA-WB",""
"audio/PCMU",""
"audio/PCMU-WB",""
"audio/prs.sid",".sid"
"audio/QCELP",""
"audio/raptorfec",""
"audio/RED",""
"audio/rtp-enc-aescm128",""
"audio/rtp-midi",""
"audio/rtploopback",""
"audio/rtx",""
"audio/scip",""
"audio/SMV",""
"audio/SMV0",""
"audio/SMV-WB",""
"audio/sofa",".sofa"
"audio/sp-midi",""
"audio/speex",".spx"
"audio/t140c",""
"audio/t38",""
"audio/telephone-event",""
"audio/TETRA_ACELP",""
"audio/TETRA_ACELP_BB",""
"audio/tone",""
"audio/TSVCIS",""
"audio/UEMCLIP",""
"audio/ulpfec",""
"audio/usac",""
"audio/vdvi",""
"audio/VMR-WB",""
"audio/vnd.3gpp.iufp",""
"audio/vnd.4SB",""
"audio/vnd.audiokoz",""
"audio/vnd.CELP",""
"audio/vnd.cisco.nse",""
"audio/vnd.cmles.radio-events",""
"audio/vnd.cns.anp1",""
"audio/vnd.cns.inf1",""
"audio/vnd.dece.audio",".uva,.uvva"
"audio/vnd.digital-winds",".eol"
"audio/vnd.dlna.adts",""
"audio/vnd.dolby.heaac.1",""
"audio/vnd.dolby.heaac.2",""
"audio/vnd.dolby.mlp",""
"audio/vnd.dolby.mps",""
"audio/vnd.dolby.pl2",""
"audio/vnd.dolby.pl2x",""
"audio/vnd.dolby.pl2z",""
"audio/vnd.dolby.pulse.1",""
"audio/vnd.dra",".dra"
"audio/vnd.dts",".dts"
"audio/vnd.dts.hd",".dtshd"
"audio/vnd.dts.uhd",".dtsu"
"audio/vnd.dvb.file",""
"audio/vnd.everad.plj",""
"audio/vnd.hns.audio",""
"audio/vnd.lucent.voice",".lvp"
"audio/vnd.ms-playready.media.pya",".pya"
"audio/vnd.nokia.mobile-xmf",""
"audio/vnd.nortel.vbk",""
"audio/vnd.nuera.ecelp4800",".ecelp4800"
"audio/vnd.nuera.ecelp7470",".ecelp7470"
"audio/vnd.nuera.ecelp9600",".ecelp9600"
"audio/vnd.octel.sbc",""
"audio/vnd.presonus.multitrack",".multitrack"
"audio/vnd.qcelp",""
"audio/vnd.rhetorex.32kadpcm",""
"audio/vnd.rip",".rip"
"audio/vnd.sealedmedia.softseal.mpeg",""
"audio/vnd.vmx.cvsd",""
"audio/vorbis",".vorbis"
"audio/vorbis-config",""
"audio/wav",".wav"
"audio/wave",".wav"
"audio/webm",".weba"
"audio/x-aac",".aac"
"audio/x-aiff",".aif,.aiff,.aifc"
"audio/x-caf",".caf"
"audio/x-flac",".flac"
"audio/x-m4a",".m4a"
"audio/x-matroska",".mka"
"audio/x-mpegurl",".m3u"
"audio/x-ms-wax",".wax"
"audio/x-ms-wma",".wma"
"audio/x-pn-realaudio",".ram,.ra"
"audio/x-pn-realaudio-plugin",""
"audio/x-realaudio",".ra"
"audio/x-wav",".wav"
"audio/xm",".xm"
"image/aces",".exr"
"image/apng",".apng"
"image/avci",""
"image/avcs",""
"image/avif",".avif"
"image/bmp",".bmp"
"image/cgm",".cgm"
"image/dicom-rle",".drle"
"image/emf",".emf"
"image/example",""
"image/fits",".fits"
"image/g3fax",".g3"
"image/heic",".heic"
"image/heic-sequence",".heics"
"image/heif",".heif"
"image/heif-sequence",".heifs"
"image/hej2k",".hej2"
"image/hsj2",".hsj2"
"image/ief",".ief"
"image/jls",".jls"
"image/jp2",".jp2,.jpg2"
"image/jpeg",".jpeg,.jpg,.jpe"
"image/jph",".jph"
"image/jphc",".jhc"
"image/jpm",".jpm"
"image/jpx",".jpx,.jpf"
"image/jxr",".jxr"
"image/jxrA",".jxra"
"image/jxrS",".jxrs"
"image/jxs",".jxs"
"image/jxsc",".jxsc"
"image/jxsi",".jxsi"
"image/jxss",".jxss"
"image/ktx",".ktx"
"image/ktx2",".ktx2"
"image/naplps",""
"image/png",".png"
"image/prs.btif",".btif"
"image/prs.pti",".pti"
"image/pwg-raster",""
"image/svg+xml",".svg,.svgz"
"image/t38",".t38"
"image/tiff",".tiff,.tif"
"image/tiff-fx",".tfx"
"image/vnd.adobe.photoshop",".psd"
"image/vnd.airzip.accelerator.azv",".azv"
"image/vnd.cns.inf2",""
"image/vnd.dece.graphic",".uvi,.uvvi,.uvg,.uvvg"
"image/vnd.djvu",".djvu,.djv"
"image/vnd.dvb.subtitle",".sub"
"image/vnd.dwg",".dwg"
"image/vnd.dxf",".dxf"
"image/vnd.fastbidsheet",".fbs"
"image/vnd.fpx",".fpx"
"image/vnd.fst",".fst"
"image/vnd.fujixerox.edmics-mmr",".mmr"
"image/vnd.fujixerox.edmics-rlc",".rlc"
"image/vnd.globalgraphics.pgb",""
"image/vnd.microsoft.icon",".ico"
"image/vnd.mix",""
"image/vnd.mozilla.apng",".apng"
"image/vnd.ms-modi",".mdi"
"image/vnd.net-fpx",".npx"
"image/vnd.pco.b16",".b16"
"image/vnd.radiance",".hdr,.pic"
"image/vnd.sealed.png",""
"image/vnd.sealedmedia.softseal.gif",""
"image/vnd.sealedmedia.softseal.jpg",""
"image/vnd.svf",""
"image/vnd.tencent.tap",".tap"
"image/vnd.valve.source.texture",".vtf"
"image/vnd.wap.wbmp",".wbmp"
"image/vnd.xiff",".xif"
"image/vnd.zbrush.pcx",".pcx"
"image/webp",".webp"
"image/x-cmu-raster",".ras"
"image/x-cmx",".cmx"
"image/x-freehand",".fh,.fhc,.fh4,.fh5,.fh7"
"image/x-icon",".ico"
"image/x-jng",".jng"
"image/x-ms-bmp",".bmp"
"image/x-pcx",".pcx"
"image/x-pict",".pic,.pct"
"image/x-portable-anymap",".pnm"
"image/x-portable-bitmap",".pbm"
"image/x-portable-graymap",".pgm"
"image/x-portable-pixmap",".ppm"
"image/x-rgb",".rgb"
"image/x-tga",".tga"
"image/x-xbitmap",".xbm"
"image/x-xpixmap",".xpm"
"image/x-xwindowdump",".xwd"
"text/1d-interleaved-parityfec",""
"text/cache-manifest",".appcache,.manifest"
"text/calendar",".ics,.ifb"
"text/cql",""
"text/cql-expression",""
"text/cql-identifier",""
"text/css",".css"
"text/csv",".csv"
"text/csv-schema",""
"text/directory",".vcard,.vcf"
"text/dns",""
"text/ecmascript",".js,.es"
"text/encaprtp",""
"text/example",""
"text/fhirpath",""
"text/flexfec",""
"text/fwdred",""
"text/gff3",".gff3"
"text/grammar-ref-list",""
"text/html",".html,.htm"
"text/javascript",".js,.mjs"
"text/jcr-cnd",""
"text/jsx",".jsx"
"text/less",".less"
"text/markdown",".md,.markdown"
"text/mathml",".mml"
"text/mdx",".mdx"
"text/mizar",""
"text/n3",".n3"
"text/parameters",""
"text/parityfec",""
"text/plain",".txt,.text,.conf,.def,.list,.log,.in,.ini"
"text/provenance-notation",".provn"
"text/prs.fallenstein.rst",""
"text/prs.lines.tag",".dsc"
"text/prs.prop.logic",""
"text/raptorfec",""
"text/RED",""
"text/rfc822-headers",""
"text/rtf",".rtf"
"text/rtp-enc-aescm128",""
"text/rtploopback",""
"text/rtx",""
"text/SGML",".sgml,.sgm"
"text/shaclc",""
"text/shex",".shex"
"text/slim",".slim,.slm"
"text/spdx",".spdx"
"text/strings",""
"text/stylus",".styl,.stylus"
"text/t140",""
"text/tab-separated-values",".tsv"
"text/troff",".t,.tr,.roff,.man,.me,.ms"
"text/turtle",".ttl"
"text/ulpfec",""
"text/uri-list",".uri,.uris,.urls"
"text/vcard",".vcard,.vcf"
"text/vnd.a",""
"text/vnd.abc",".abc"
"text/vnd.ascii-art",""
"text/vnd.curl",".curl"
"text/vnd.debian.copyright",""
"text/vnd.DMClientScript",""
"text/vnd.dvb.subtitle",".sub"
"text/vnd.esmertec.theme-descriptor",""
"text/vnd.familysearch.gedcom",".ged"
"text/vnd.ficlab.flt",""
"text/vnd.fly",".fly"
"text/vnd.fmi.flexstor",".flx"
"text/vnd.gml",""
"text/vnd.graphviz",".gv,.dot"
"text/vnd.hans",""
"text/vnd.hgl",""
"text/vnd.in3d.3dml",".3dml"
"text/vnd.in3d.spot",".spot"
"text/vnd.IPTC.NewsML",""
"text/vnd.IPTC.NITF",""
"text/vnd.latex-z",""
"text/vnd.motorola.reflex",""
"text/vnd.ms-mediapackage",""
"text/vnd.net2phone.commcenter.command",""
"text/vnd.radisys.msml-basic-layout",""
"text/vnd.senx.warpscript",".mc2"
"text/vnd.si.uricatalogue",""
"text/vnd.sun.j2me.app-descriptor",".jad"
"text/vnd.trolltech.linguist",""
"text/vnd.wap.si",""
"text/vnd.wap.sl",""
"text/vnd.wap.wml",".wml"
"text/vnd.wap.wmlscript",".wmls"
"text/vtt",".vtt"
"text/x-asm",".s,.asm"
"text/x-c",".c,.cc,.cxx,.cpp,.h,.hh,.dic"
"text/x-component",".htc"
"text/x-fortran",".f,.for,.f77,.f90"
"text/x-gwt-rpc",""
"text/x-handlebars-template",".hbs"
"text/x-java-source",".java"
"text/x-jquery-tmpl",""
"text/x-lua",".lua"
"text/x-makefile",".mk,.mak"
"text/x-markdown",".md,.markdown"
"text/x-nfo",".nfo"
"text/x-opml",".opml"
"text/x-org",".org"
"text/x-pascal",".p,.pas"
"text/x-perl",".pl,.pm"
"text/x-python",".py"
"text/x-scala",".scala"
"text/x-setext",".etx"
"text/x-sfv",".sfv"
"text/x-uuencode",".uu"
"text/x-vcalendar",".vcs"
"text/x-vcard",".vcf"
"text/xml",".xml"
"text/xml-external-parsed-entity",""
"video/1d-interleaved-parityfec",""
"video/3gpp",".3gp,.3gpp"
"video/3gpp2",".3g2,.3gp2"
"video/3gpp-tt",""
"video/AV1",".av1"
"video/BMPEG",""
"video/BT656",""
"video/CelB",""
"video/DV",".dv"
"video/encaprtp",""
"video/evc",".evc"
"video/example",""
"video/FFV1",".ffv"
"video/flexfec",""
"video/H261",".h261"
"video/H263",".h263"
"video/H263-1998",""
"video/H263-2000",""
"video/H264",".h264,.avc"
"video/H264-RCDO",""
"video/H264-SVC",""
"video/H265",".h265,.hevc"
"video/iso.segment",".m4s"
"video/jpeg",".jpgv"
"video/jpeg2000",".jp2,.jpx"
"video/jpm",".jpm"
"video/mj2",".mj2,.mjp2"
"video/mp1s",""
"video/mp2p",""
"video/mp2t",".ts,.m2ts"
"video/mp4",".mp4,.mp4v,.mpg4"
"video/mp4v-es",""
"video/mpeg",".mpeg,.mpg,.mpe,.m1v,.m2v"
"video/mpeg4-generic",""
"video/nv",""
"video/ogg",".ogv"
"video/parityfec",""
"video/pointer",""
"video/quicktime",".qt,.mov"
"video/raptorfec",""
"video/raw",""
"video/rtp-enc-aescm128",""
"video/rtploopback",""
"video/rtx",""
"video/scip",""
"video/smpte291",""
"video/ulpfec",""
"video/vc1",".vc1"
"video/vc2",""
"video/vnd.CCTV",""
"video/vnd.dece.hd",".uvh,.uvvh"
"video/vnd.dece.mobile",".uvm,.uvvm"
"video/vnd.dece.mp4",""
"video/vnd.dece.pd",".uvp,.uvvp"
"video/vnd.dece.sd",".uvs,.uvvs"
"video/vnd.dece.video",".uvv,.uvvv"
"video/vnd.directv.mpeg",""
"video/vnd.directv.mpeg-tts",""
"video/vnd.dlna.mpeg-tts",""
"video/vnd.dvb.file",".dvb"
"video/vnd.fvt",".fvt"
"video/vnd.hns.video",""
"video/vnd.iptvforum.1dparityfec-1010",""
"video/vnd.iptvforum.1dparityfec-2005",""
"video/vnd.iptvforum.2dparityfec-1010",""
"video/vnd.iptvforum.2dparityfec-2005",""
"video/vnd.iptvforum.ttsavc",""
"video/vnd.iptvforum.ttsmpeg2",""
"video/vnd.motorola.video",""
"video/vnd.motorola.videop",""
"video/vnd.mpegurl",".mxu,.m4u"
"video/vnd.ms-playready.media.pyv",".pyv"
"video/vnd.nokia.interleaved-multimedia",""
"video/vnd.nokia.mp4vr",""
"video/vnd.nokia.videovoip",""
"video/vnd.objectvideo",""
"video/vnd.radgamettools.bink",".bik"
"video/vnd.radgamettools.smacker",".smk"
"video/vnd.sealed.mpeg1",""
"video/vnd.sealed.mpeg4",""
"video/vnd.sealed.swf",""
"video/vnd.sealedmedia.softseal.mov",""
"video/vnd.uvvu.mp4",".uvu,.uvvu"
"video/vnd.vivo",".viv"
"video/vnd.youtube.yt",""
"video/webm",".webm"
"video/x-f4v",".f4v"
"video/x-fli",".fli"
"video/x-flv",".flv"
"video/x-m4v",".m4v"
"video/x-matroska",".mkv,.mk3d,.mks"
"video/x-mng",".mng"
"video/x-ms-asf",".asf,.asx"
"video/x-ms-vob",".vob"
"video/x-ms-wm",".wm"
"video/x-ms-wmv",".wmv"
"video/x-ms-wmx",".wmx"
"video/x-ms-wvx",".wvx"
"video/x-msvideo",".avi"
"video/x-sgi-movie",".movie"
"video/x-smv",".smv"
"font/collection",".ttc"
"font/otf",".otf"
"font/sfnt",""
"font/ttf",".ttf"
"font/woff",".woff"
"font/woff2",".woff2"
"model/3mf",".3mf"
"model/e57",".e57"
"model/gltf+json",".gltf"
"model/gltf-binary",".glb"
"model/iges",".igs,.iges"
"model/mesh",".msh,.mesh,.silo"
"model/mtl",".mtl"
"model/obj",".obj"
"model/step",".step,.stp"
"model/step+xml",".stpx"
"model/step+zip",".stpz"
"model/step-xml+zip",".stpxz"
"model/stl",".stl"
"model/vnd.collada+xml",".dae"
"model/vnd.dwf",".dwf"
"model/vnd.flatland.3dml",".3dml"
"model/vnd.gdl",".gdl"
"model/vnd.gs-gdl",""
"model/vnd.gtw",".gtw"
"model/vnd.moml+xml",".moml"
"model/vnd.mts",".mts"
"model/vnd.opengex",".ogex"
"model/vnd.parasolid.transmit.binary",".x_b"
"model/vnd.parasolid.transmit.text",".x_t"
"model/vnd.pytha.pyox",".pyox"
"model/vnd.rosetta stone.spr",".spr"
"model/vnd.sap.vds",".vds"
"model/vnd.usdz+zip",".usdz"
"model/vnd.valve.source.compiled-map",".bsp"
"model/vnd.vtu",".vtu"
"model/vrml",".wrl,.vrml"
"model/x3d+fastinfoset",".x3db"
"model/x3d+vrml",".x3dv"
"model/x3d+xml",".x3d"
"model/x3d-vrml",".x3dv"
"multipart/mixed",""
"multipart/alternative",""
"multipart/related",""
"multipart/form-data",""
"multipart/signed",""
"multipart/encrypted",""
"multipart/byteranges",""
"multipart/x-mixed-replace",""